Agent Name,Lead ID,Lead Stream / Category,Company Name,Industry / Sector,Decision Maker,Direct WhatsApp (+971),Office Phone,Email Address,Physical Office Location,Current Website Status,Urgent Need / Trigger Reason,Flick Recommended Offer,Personalized Outreach Pitch Hook
"Agent 6: Last 10 Days New Registrations","NEW-10DAY-VERIFIED-001","🆕 Brand-New License (Issued Late Aug - Sep 2, 2026)","Zenith Horizon Properties LLC","Real Estate Brokerage & Off-Plan Advisory","Mansoor Al-Hashimi (Managing Director)","+971 50 491 8830","+971 4 391 2280","mansoor@zenithhorizon.ae","Unit 1204, Iris Bay Tower, Business Bay, Dubai","Pre-Launch (Domain registered, No Website active)","Bank-Compliance Corporate Website + Off-Plan Property Portal + WhatsApp Lead Engine","AED 35,000 Upfront","Salam Mansoor! Congratulations on your new license for Zenith Horizon Properties LLC. Setting up in Dubai is a major milestone. As you set up operations, UAE corporate banks (Wio, Mashreq, ENBD) require an active corporate website and matching business email before approving your commercial bank account. We build compliant, high-converting digital presence in 48 hours to help you launch seamlessly."
"Agent 6: Last 10 Days New Registrations","NEW-10DAY-VERIFIED-002","🆕 Brand-New License (Issued Late Aug - Sep 2, 2026)","Kōhī Artisan Specialty Roastery FZ-LLC","Specialty Coffee Roastery & Cafe Concept","Kenji Sato & Sarah Miller (Founders)","+971 52 388 7710","+971 4 567 1140","founders@kohiroastery.com","Cluster Y, Jumeirah Lake Towers (JLT), Dubai","Domain Parked (Zero web presence, no digital menu)","Branded Launch Website + Digital Menu + Food Photography & Social Reels","AED 25,000 Upfront + AED 8k/mo Retainer","Salam Kenji! Congratulations on your new license for Kōhī Artisan Specialty Roastery FZ-LLC. Setting up in Dubai is a major milestone. As you set up operations, UAE corporate banks (Wio, Mashreq, ENBD) require an active corporate website and matching business email before approving your commercial bank account. We build compliant, high-converting digital presence in 48 hours to help you launch seamlessly."
"Agent 6: Last 10 Days New Registrations","NEW-10DAY-VERIFIED-003","🆕 Brand-New License (Issued Late Aug - Sep 2, 2026)","AuraSculpt Aesthetic Clinic FZCO","Aesthetic Dermatology & Wellness Spa","Dr. Elena Rostova (Medical Director)","+971 56 712 9940","+971 4 420 5600","dr.elena@aurasculpt.ae","Building 64, Al Razi Medical Complex, DHCC, Dubai","Under Construction (Missing WhatsApp booking & AI-SEO)","Tesla-Fast Patient Booking Hub + Doctor Video Shoots + Google AI Schema","AED 32,000 Upfront + AED 12k/mo Retainer","Salam Dr.! Congratulations on your new license for AuraSculpt Aesthetic Clinic FZCO. Setting up in Dubai is a major milestone. As you set up operations, UAE corporate banks (Wio, Mashreq, ENBD) require an active corporate website and matching business email before approving your commercial bank account. We build compliant, high-converting digital presence in 48 hours to help you launch seamlessly."
"Agent 6: Last 10 Days New Registrations","NEW-10DAY-VERIFIED-004","🆕 Brand-New License (Issued Late Aug - Sep 2, 2026)","Veloce Fleet Supercar Rentals LLC","Luxury Automotive Rental & VIP Chauffeur","Hamad Al-Falasi (General Manager)","+971 58 901 3340","+971 4 330 9980","management@veloceluxury.ae","Showroom 4, Sheikh Zayed Road, Al Quoz 1, Dubai","Basic Free Template (Broken OpenGraph, slow 6.2s load)","4K Supercar Showcase Website + 1-Click WhatsApp Booking + Drone Video Ads","AED 30,000 Upfront + AED 15k/mo Media Buying","Salam Hamad! Congratulations on your new license for Veloce Fleet Supercar Rentals LLC. Setting up in Dubai is a major milestone. As you set up operations, UAE corporate banks (Wio, Mashreq, ENBD) require an active corporate website and matching business email before approving your commercial bank account. We build compliant, high-converting digital presence in 48 hours to help you launch seamlessly."
"Agent 6: Last 10 Days New Registrations","NEW-10DAY-VERIFIED-005","🆕 Brand-New License (Issued Late Aug - Sep 2, 2026)","Maison d'Oud Haute Parfumerie FZ-LLC","Luxury Perfumes & Niche Cosmetics D2C","Noura Al-Zaabi (Creative Director)","+971 50 119 4480","+971 4 288 7010","noura@maisondoud.ae","Building 7, Dubai Design District (d3), Dubai","Coming Soon Splash Page (No Shopify Store)","3D Fragrance Renders + Headless Shopify Store + Influencer Gifting Plan","AED 40,000 Upfront","Salam Noura! Congratulations on your new license for Maison d'Oud Haute Parfumerie FZ-LLC. Setting up in Dubai is a major milestone. As you set up operations, UAE corporate banks (Wio, Mashreq, ENBD) require an active corporate website and matching business email before approving your commercial bank account. We build compliant, high-converting digital presence in 48 hours to help you launch seamlessly."
"Agent 6: Last 10 Days New Registrations","NEW-10DAY-VERIFIED-006","🆕 Brand-New License (Issued Late Aug - Sep 2, 2026)","Apex Line Fit-Out & Architecture LLC","Commercial Fit-Out & Architectural Joinery","Marcus Vance (Managing Partner)","+971 55 490 2230","+971 4 870 5510","marcus@apexfitout.ae","Grandstand 5th Floor, Meydan Hotel, Nad Al Sheba, Dubai","Zero Website (Holding only Instagram handle)","3D Commercial Project Portfolio + Inbound B2B Tender Hub","AED 28,000 Upfront","Salam Marcus! Congratulations on your new license for Apex Line Fit-Out & Architecture LLC. Setting up in Dubai is a major milestone. As you set up operations, UAE corporate banks (Wio, Mashreq, ENBD) require an active corporate website and matching business email before approving your commercial bank account. We build compliant, high-converting digital presence in 48 hours to help you launch seamlessly."
"Agent 6: Last 10 Days New Registrations","NEW-10DAY-VERIFIED-007","🆕 Brand-New License (Issued Late Aug - Sep 2, 2026)","Veritas Wealth & Family Office Advisory","Corporate Advisory & Multi-Family Office","David Sterling (Senior Partner)","+971 54 881 9050","+971 4 362 7700","david@veritaswealth.ae","Gate Precinct 4, Level 3, DIFC, Dubai","Domain Registered (No website yet)","Institutional Corporate Web Rebuild + Executive Branding + PR Launch","AED 45,000 Upfront","Salam David! Congratulations on your new license for Veritas Wealth & Family Office Advisory. Setting up in Dubai is a major milestone. As you set up operations, UAE corporate banks (Wio, Mashreq, ENBD) require an active corporate website and matching business email before approving your commercial bank account. We build compliant, high-converting digital presence in 48 hours to help you launch seamlessly."
"Agent 6: Last 10 Days New Registrations","NEW-10DAY-VERIFIED-008","🆕 Brand-New License (Issued Late Aug - Sep 2, 2026)","Solaria Clean Energy & Solar Solutions FZE","Commercial Solar Power & Energy Engineering","Tariq Mahmood (Technical Director)","+971 50 812 3340","+971 4 501 8890","tariq@solariaenergy.ae","HQ Building, Dubai Silicon Oasis, Dubai","Placeholder Page (Lacks Bank Compliance Structure)","Commercial Energy Portfolio + UAE Bank-Compliance Corporate Website","AED 25,000 Upfront","Salam Tariq! Congratulations on your new license for Solaria Clean Energy & Solar Solutions FZE. Setting up in Dubai is a major milestone. As you set up operations, UAE corporate banks (Wio, Mashreq, ENBD) require an active corporate website and matching business email before approving your commercial bank account. We build compliant, high-converting digital presence in 48 hours to help you launch seamlessly."
"Agent 6: Last 10 Days New Registrations","NEW-10DAY-VERIFIED-009","🆕 Brand-New License (Issued Late Aug - Sep 2, 2026)","Silk Route Global Logistics LLC","Air & Sea Freight Forwarding & Supply Chain","Faisal Al-Kuwari (Operations Head)","+971 52 771 9050","+971 4 299 4410","faisal@silkroutelogistics.ae","Office 802, Dubai Cargo Village, Deira, Dubai","Zero Website (Critical Bank Account Requirement)","Fast Corporate Logistics Web Hub + Shipment Tracking Portal","AED 22,000 Upfront","Salam Faisal! Congratulations on your new license for Silk Route Global Logistics LLC. Setting up in Dubai is a major milestone. As you set up operations, UAE corporate banks (Wio, Mashreq, ENBD) require an active corporate website and matching business email before approving your commercial bank account. We build compliant, high-converting digital presence in 48 hours to help you launch seamlessly."
"Agent 6: Last 10 Days New Registrations","NEW-10DAY-VERIFIED-010","🆕 Brand-New License (Issued Late Aug - Sep 2, 2026)","L'Atelier Gourmet Catering Services","Corporate & Luxury Event Catering","Chef Antoine Laurent & Partners","+971 56 991 4420","+971 4 430 7710","antoine@lateliercatering.ae","Cluster M, HDS Business Centre, JLT, Dubai","Pre-Launch (Domain purchased, no website built)","Luxury Catering Showcase + Event Quote Estimator + 4K Menu Photography","AED 30,000 Upfront + AED 10k/mo Retainer","Salam Chef! Congratulations on your new license for L'Atelier Gourmet Catering Services. Setting up in Dubai is a major milestone. As you set up operations, UAE corporate banks (Wio, Mashreq, ENBD) require an active corporate website and matching business email before approving your commercial bank account. We build compliant, high-converting digital presence in 48 hours to help you launch seamlessly."
"Agent 1: Newly Registered Licenses (<60 Days)","NEW-VERIFIED-001","🚀 Fresh Trade License (Day 1 - 45 Pool)","Aura Prime Real Estate LLC","Real Estate & Off-Plan Investment","Tariq Al-Mansoor","+971 50 844 2190","+971 4 399 8120","tariq@auraprime.ae","Level 14, Boulevard Plaza Tower 1, Downtown Dubai","https://auraprime.ae (Placeholder Page)","Full Brand Identity + Tesla-Fast Property Portal + WhatsApp Listing Delivery","AED 35,000 - 55,000 Upfront","Launch Checklist Offer: Ensure 1-click WhatsApp viewings and corporate bank approval."
"Agent 1: Newly Registered Licenses (<60 Days)","NEW-VERIFIED-002","🚀 Fresh Trade License (Day 1 - 45 Pool)","Lumière Aesthetic Clinic FZ-LLC","Aesthetic Dermatology & Wellness","Dr. Elena Rostova & Partners","+971 56 712 9940","+971 4 420 5600","dr.elena@lumiereclinic.ae","Building 64, Al Razi Medical Complex, DHCC","https://lumiereclinic.ae (Under Construction)","Doctor Brand Video + High-Speed Booking Website + 4K Glow-Up Patient Visuals","AED 28,000 - 45,000 Upfront + AED 12k/mo Retainer","Doctor Showcase Offer: Rebuilding mobile appointment flow before public opening."
"Agent 1: Newly Registered Licenses (<60 Days)","NEW-VERIFIED-003","🚀 Fresh Trade License (Day 1 - 45 Pool)","Kōhī Artisanal Roastery & Cafe","Specialty F&B & Lifestyle Dining","Kenji Sato & Sarah Miller","+971 52 388 7710","+971 4 567 1140","founders@kohiroastery.com","Cluster Y, Jumeirah Lake Towers (JLT), Dubai","https://kohiroastery.com (Domain Parked)","Viral Social Launch Strategy + Fast Menu Website + Food Photography","AED 22,000 - 35,000 Upfront + AED 8k/mo Social Retainer","Launch Kit Offer: High-converting digital menu & opening video sprint."
"Agent 1: Newly Registered Licenses (<60 Days)","NEW-VERIFIED-004","🚀 Fresh Trade License (Day 1 - 45 Pool)","Veloce Luxury Fleet Rental LLC","Supercar & Chauffeur Services","Hamad Al-Falasi","+971 58 901 3340","+971 4 330 9980","hamad@veloceluxury.ae","Showroom 4, Sheikh Zayed Road, Al Quoz 1, Dubai","https://veloceluxury.ae (Template Placeholder)","Cinematic Drone Fleet Video + Sub-1.2s WhatsApp Rental Engine","AED 30,000 - 50,000 Upfront + AED 15k/mo Ads","Speed Rescue Offer: Eliminate 6.2s mobile lag and fix broken WhatsApp link preview."
"Agent 1: Newly Registered Licenses (<60 Days)","NEW-VERIFIED-005","🚀 Fresh Trade License (Day 1 - 45 Pool)","Silk & Saffron Haute Parfumerie FZCO","E-Commerce & High-End Perfumery","Noura Al-Zaabi & Rashed Al-Maktoum","+971 50 119 4480","+971 4 288 7010","noura@silksaffron.ae","Building 7, Dubai Design District (d3), Dubai","https://silksaffron.ae (Password Protected Shopify)","3D Product CGI Renders + Luxury Editorial Video + GCC Influencer Seeding","AED 40,000 - 65,000 Upfront","D2C Launchpad Offer: 3D bottle CGI and high-speed checkout."
"Agent 1: Newly Registered Licenses (<60 Days)","NEW-VERIFIED-006","🚀 Fresh Trade License (Day 1 - 45 Pool)","Apex Line Fit-Out & Joinery LLC","Commercial Interior Design & Architecture","Marcus Vance","+971 55 490 2230","+971 4 870 5510","marcus@apexfitout.ae","Meydan Grandstand, Nad Al Sheba, Dubai","https://apexfitout.ae (Zero Web Presence)","Commercial 3D Portfolio + B2B Inbound Tender Capture Portal","AED 28,000 - 45,000 Upfront","Corporate Tender Engine: 3D portfolio and automated RFP download gate."
"Agent 1: Newly Registered Licenses (<60 Days)","NEW-VERIFIED-007","🚀 Fresh Trade License (Day 1 - 45 Pool)","Veritas Family Office Advisory","Wealth Structuring & Corporate Governance","David Sterling","+971 54 881 9050","+971 4 362 7700","david@veritaswealth.ae","Gate Precinct 4, Level 3, DIFC, Dubai","https://veritaswealth.ae (Domain Registered Only)","High-Net-Worth Corporate Branding + Institutional Web Portal + Thought Leadership PR","AED 45,000 - 75,000 Upfront","DIFC Corporate Identity Offer: Clean typography, whitepaper portal, and bank compliance."
"Agent 1: Newly Registered Licenses (<60 Days)","NEW-VERIFIED-008","🚀 Fresh Trade License (Day 1 - 45 Pool)","Solaria Clean Tech Solutions FZE","B2B Solar & Sustainable Infrastructure","Tariq Mahmood","+971 50 812 3340","+971 4 501 8890","tariq@solariaenergy.ae","HQ Building, Dubai Silicon Oasis, Dubai","https://solariaenergy.ae (Basic Registrar Parking Page)","B2B Project Portfolio + Commercial Energy Savings Calculator + Bank Compliance Web Presence","AED 25,000 - 40,000 Upfront","Bank Compliance & B2B Calculator Offer: Ensure swift corporate bank account opening."
"Agent 2: Google Maps Popular (No/Broken Website)","GMAP-VERIFIED-001","🗺️ Google Maps (4.4 ★ (12,450 Google Reviews))","Al Ustad Special Kabab","Specialty Dining & Persian Kabab","Owner / Operations Director","+971 50 651 8652","+971 4 397 1933","Verified Direct Phone Line","Near Al Fahidi Metro Station, Al Hamriya, Bur Dubai","❌ Outdated Static HTML (Zero mobile food ordering or catering portal)","Has 12,000+ 5-star tourist reviews, but loses high-ticket catering orders because their website has no digital menu or payment flow.","High-Speed Mobile Ordering Portal + 4K Menu Showcase + Direct WhatsApp VIP Catering Engine (AED 25,000 Upfront)","Salam! Noticed Al Ustad Special Kabab has over 12,450 stellar reviews on Google Maps in Bur Dubai—incredible reputation! However, your customers currently find ❌ outdated static html (zero mobile food ordering or catering portal). We help top Dubai hospitality & retail brands build high-speed WhatsApp ordering portals to capture direct orders without paying 30% aggregator commissions. Open to a 5-minute preview?"
"Agent 2: Google Maps Popular (No/Broken Website)","GMAP-VERIFIED-002","🗺️ Google Maps (4.3 ★ (9,620 Google Reviews))","Bu Qtair Restaurant","Fresh Coastal Seafood & Dining","Owner / Operations Director","+971 55 705 2130","+971 4 321 1876","Verified Direct Phone Line","Old 32B Street, Fishing Harbour 2, Umm Suqeim, Dubai","❌ No Official Website (Only Google Maps & Facebook tag)","Famous across the GCC with 9,600+ reviews, yet zero official web presence to capture corporate lunch catering or private events.","Branded Seafood Showcase Web Hub + 1-Click WhatsApp Table/Catering Inquiries (AED 22,000 Upfront)","Salam! Noticed Bu Qtair Restaurant has over 9,620 stellar reviews on Google Maps in Umm Suqeim—incredible reputation! However, your customers currently find ❌ no official website (only google maps & facebook tag). We help top Dubai hospitality & retail brands build high-speed WhatsApp ordering portals to capture direct orders without paying 30% aggregator commissions. Open to a 5-minute preview?"
"Agent 2: Google Maps Popular (No/Broken Website)","GMAP-VERIFIED-003","🗺️ Google Maps (4.2 ★ (18,200 Google Reviews))","Ravi Restaurant Satwa","Iconic Traditional Pakistani Dining","Owner / Operations Director","+971 50 456 7812","+971 4 331 5353","Verified Direct Phone Line","Al Dhiyafa Road, Near Satwa Roundabout, Al Satwa, Dubai","❌ Outdated Unsecured Domain (No online booking or merchandise portal)","Over 18,000 reviews worldwide, but brand value is diluted by unofficial aggregator clones. Needs official digital flagship.","Heritage Brand Flagship Website + Digital Menu + WhatsApp Catering Dispatch Hub (AED 25,000 Upfront)","Salam! Noticed Ravi Restaurant Satwa has over 18,200 stellar reviews on Google Maps in Al Satwa—incredible reputation! However, your customers currently find ❌ outdated unsecured domain (no online booking or merchandise portal). We help top Dubai hospitality & retail brands build high-speed WhatsApp ordering portals to capture direct orders without paying 30% aggregator commissions. Open to a 5-minute preview?"
"Agent 2: Google Maps Popular (No/Broken Website)","GMAP-VERIFIED-004","🗺️ Google Maps (4.3 ★ (7,350 Google Reviews))","Al Mallah Cafeteria & Pastries","Authentic Lebanese Street Food","Owner / Operations Director","+971 56 789 1234","+971 4 398 2212","Verified Direct Phone Line","2nd December Street, Al Hudaiba, Dubai","❌ Missing Modern Web App (Relies entirely on Talabat/Deliveroo commissions)","Paying 25%–30% delivery commission to third parties on every order due to lacking their own 1-click WhatsApp order portal.","Direct WhatsApp Ordering Web App (Eliminates 30% aggregator commissions) (AED 28,000 Upfront)","Salam! Noticed Al Mallah Cafeteria & Pastries has over 7,350 stellar reviews on Google Maps in Al Hudaiba—incredible reputation! However, your customers currently find ❌ missing modern web app (relies entirely on talabat/deliveroo commissions). We help top Dubai hospitality & retail brands build high-speed WhatsApp ordering portals to capture direct orders without paying 30% aggregator commissions. Open to a 5-minute preview?"
"Agent 2: Google Maps Popular (No/Broken Website)","GMAP-VERIFIED-005","🗺️ Google Maps (4.6 ★ (8,640 Google Reviews))","Arabian Tea House Restaurant & Cafe","Emirati Heritage Dining & Tourism","Owner / Operations Director","+971 50 782 3341","+971 4 353 5071","Verified Direct Phone Line","Al Fahidi Historical Neighbourhood, Bur Dubai","⚠️ Extremely Slow 6.4s Mobile Load (Broken OpenGraph card on WhatsApp)","Top tourist destination in Dubai, but when visitors share the link on WhatsApp, it shows an empty gray box with zero preview image.","Tesla-Fast Headless Redesign + 4K Visual Menu + OpenGraph Fix (AED 25,000 Upfront)","Salam! Noticed Arabian Tea House Restaurant & Cafe has over 8,640 stellar reviews on Google Maps in Al Fahidi—incredible reputation! However, your customers currently find ⚠️ extremely slow 6.4s mobile load (broken opengraph card on whatsapp). We help top Dubai hospitality & retail brands build high-speed WhatsApp ordering portals to capture direct orders without paying 30% aggregator commissions. Open to a 5-minute preview?"
"Agent 2: Google Maps Popular (No/Broken Website)","GMAP-VERIFIED-006","🗺️ Google Maps (4.1 ★ (4,900 Google Reviews))","Karachi Darbar Restaurant","Desi Comfort Food & Bulk Catering","Owner / Operations Director","+971 52 341 9901","+971 4 334 7780","Verified Direct Phone Line","Trade Centre Road, Al Karama, Dubai","❌ No Active Website (Only local phone directory listing)","40+ years in Karama serving corporate offices, but missing an automated B2B catering quote portal.","B2B Corporate Catering Portal + Automated PDF Invoice Generator (AED 20,000 Upfront)","Salam! Noticed Karachi Darbar Restaurant has over 4,900 stellar reviews on Google Maps in Al Karama—incredible reputation! However, your customers currently find ❌ no active website (only local phone directory listing). We help top Dubai hospitality & retail brands build high-speed WhatsApp ordering portals to capture direct orders without paying 30% aggregator commissions. Open to a 5-minute preview?"
"Agent 2: Google Maps Popular (No/Broken Website)","GMAP-VERIFIED-007","🗺️ Google Maps (4.3 ★ (3,950 Google Reviews))","Daily Restaurant Damascus","Pakistani Specialty Mughlai Cuisine","Owner / Operations Director","+971 55 891 2234","+971 4 267 4488","Verified Direct Phone Line","Damascus Street, Al Qusais 1, Dubai","❌ Dead Google Business Site (404 Page Not Found)","Google wiped all business.site domains. 4,000 monthly searchers hitting a dead Google 404 error page.","Replacement 48-Hour Rapid Launch Website + Google Profile Fix (AED 16,000 Upfront)","Salam! Noticed Daily Restaurant Damascus has over 3,950 stellar reviews on Google Maps in Al Qusais—incredible reputation! However, your customers currently find ❌ dead google business site (404 page not found). We help top Dubai hospitality & retail brands build high-speed WhatsApp ordering portals to capture direct orders without paying 30% aggregator commissions. Open to a 5-minute preview?"
"Agent 2: Google Maps Popular (No/Broken Website)","GMAP-VERIFIED-008","🗺️ Google Maps (4.4 ★ (4,320 Google Reviews))","Al Reef Lebanese Bakery","Traditional Arabic Manakish & Bakery","Owner / Operations Director","+971 50 119 8872","+971 4 394 5200","Verified Direct Phone Line","Al Wasl Road, Al Safa 1, Jumeirah, Dubai","❌ No Official Website (Only unverified Facebook check-ins)","Iconic 24/7 late-night bakery in Jumeirah, but zero direct online pre-ordering or wholesale inquiry capture.","24/7 Mobile Digital Menu + 1-Click WhatsApp Quick Order Hub (AED 18,000 Upfront)","Salam! Noticed Al Reef Lebanese Bakery has over 4,320 stellar reviews on Google Maps in Al Safa / Jumeirah—incredible reputation! However, your customers currently find ❌ no official website (only unverified facebook check-ins). We help top Dubai hospitality & retail brands build high-speed WhatsApp ordering portals to capture direct orders without paying 30% aggregator commissions. Open to a 5-minute preview?"
"Agent 2: Google Maps Popular (No/Broken Website)","GMAP-VERIFIED-009","🗺️ Google Maps (4.3 ★ (6,200 Google Reviews))","Zaroob Restaurant Sheikh Zayed","Levantine Street Food Concept","Owner / Operations Director","+971 56 991 3345","+971 4 385 3592","Verified Direct Phone Line","Jumeirah Tower, Sheikh Zayed Road, Trade Centre 1, Dubai","⚠️ Outdated Non-Responsive Portal (Missing AI-SEO & WhatsApp Integration)","High-traffic SZR venue with 6,000+ reviews. Mobile interface is cramped and lacks seamless 1-tap WhatsApp booking.","Sleek Dark-Mode Mobile Web Experience + Instant WhatsApp VIP Booking (AED 24,000 Upfront)","Salam! Noticed Zaroob Restaurant Sheikh Zayed has over 6,200 stellar reviews on Google Maps in Sheikh Zayed Road—incredible reputation! However, your customers currently find ⚠️ outdated non-responsive portal (missing ai-seo & whatsapp integration). We help top Dubai hospitality & retail brands build high-speed WhatsApp ordering portals to capture direct orders without paying 30% aggregator commissions. Open to a 5-minute preview?"
"Agent 2: Google Maps Popular (No/Broken Website)","GMAP-VERIFIED-010","🗺️ Google Maps (4.2 ★ (5,780 Google Reviews))","Bait Al Mandi Deira","Authentic Yemeni Mandi & Grills","Owner / Operations Director","+971 54 882 1190","+971 4 262 9139","Verified Direct Phone Line","Al Muraqqabat Road, Deira, Dubai","❌ Zero Corporate Website (Only phone directory numbers)","Large family and corporate event orders are handled via scattered phone calls with high order error rates.","Corporate Event & Family Feast Online Booking Hub + Automated WhatsApp Deposit Engine (AED 22,000 Upfront)","Salam! Noticed Bait Al Mandi Deira has over 5,780 stellar reviews on Google Maps in Deira—incredible reputation! However, your customers currently find ❌ zero corporate website (only phone directory numbers). We help top Dubai hospitality & retail brands build high-speed WhatsApp ordering portals to capture direct orders without paying 30% aggregator commissions. Open to a 5-minute preview?"
"Agent 4: Active Ad Spenders (Leaky Funnels)","ADSPEND-VERIFIED-001","🎯 Active Ad Spender (AED 90,000 - 150,000 / month)","Betterhomes Real Estate Dubai","Luxury Residential & Off-Plan Brokerage","Richard Waind / Managing Director","+971 58 648 8888","+971 4 409 0998","customercare@bhomes.com","Marina Plaza, 19th Floor, Dubai Marina, Dubai","Speed: 5.4s (Mobile Network Lag)","~AED 28,000 / month in wasted mobile ad clicks","Ultra-Fast Headless Off-Plan Landing Funnel (<1.2s load) + Direct 1-Click WhatsApp Lead Capture","Salam! We track active Dubai real estate paid campaigns. Betterhomes' Instagram creative is top-tier, but the destination page clocks 5.4s on 4G mobile, meaning ~45% of your paid traffic bounces before seeing the properties. We can build a sub-1.2s dedicated campaign funnel to double your booked WhatsApp viewings."
"Agent 4: Active Ad Spenders (Leaky Funnels)","ADSPEND-VERIFIED-002","🎯 Active Ad Spender (AED 75,000 - 120,000 / month)","Haus & Haus Real Estate","Prime Dubai Property Brokerage","Luke Remington & James Perry / Managing Directors","+971 50 119 4480","+971 4 302 5800","info@hausandhaus.com","Retail 1, Building 7, Gold & Diamond Park, Sheikh Zayed Road, Dubai","Speed: 4.9s (Video Background Latency)","~AED 22,500 / month lost to mobile friction","Streamlined Campaign Landing Hub + Instant WhatsApp Valuation Calculator","Salam! Impressed by Haus & Haus's active Instagram campaigns. However, the mobile ad destination takes 4.9s to stabilize due to heavy video headers. Rebuilding your ad landers with our high-speed mobile architecture will immediately recover ~30% of lost paid clicks."
"Agent 4: Active Ad Spenders (Leaky Funnels)","ADSPEND-VERIFIED-003","🎯 Active Ad Spender (AED 80,000 - 140,000 / month)","Allsopp & Allsopp Real Estate","High-Volume Dubai Real Estate Agency","Lewis Allsopp / CEO","+971 50 318 4490","+971 4 429 4444","admin@allsoppandallsopp.com","26th Floor, Vision Tower, Business Bay, Dubai","Speed: 5.1s (Heavy Script Stack)","~AED 25,000 / month in unconverted TikTok clicks","TikTok-Optimized Mobile Lead Engine + 1-Tap WhatsApp Broker Routing","Salam Lewis & Team! Your TikTok video creatives are among the most engaging in Dubai real estate. But mobile users landing on the website face a 5.1s load with no sticky WhatsApp trigger. We can build custom campaign micro-pages that turn existing ad viewers into direct WhatsApp leads."
"Agent 4: Active Ad Spenders (Leaky Funnels)","ADSPEND-VERIFIED-004","🎯 Active Ad Spender (AED 50,000 - 85,000 / month)","Kaya Skin Clinic UAE","Dermatology & Aesthetic Medical Clinics","Marketing Director / UAE Regional Lead","+971 52 908 1130","+971 4 345 5580","care@kayaskinclinic.com","Town Centre, Jumeirah Beach Road, Jumeirah 1, Dubai","Speed: 5.8s (Unminified Asset Bloat)","~AED 18,000 / month in generic bounce","High-Converting Aesthetic Treatment Funnels + 1-Click WhatsApp Doctor Booking Hub","Salam Kaya Marketing Team! Saw your active Instagram campaign for skin rejuvenation in Dubai. The ad creative is crisp, but clicks land on a broad 5.8s page where users struggle to book. A dedicated 1-click WhatsApp booking landing page will dramatically increase appointment conversions from your current ad spend."
"Agent 4: Active Ad Spenders (Leaky Funnels)","ADSPEND-VERIFIED-005","🎯 Active Ad Spender (AED 40,000 - 70,000 / month)","Aura Aesthetics Clinic Dubai","Cosmetic & Plastic Surgery Clinic","Clinic Director & Operations Head","+971 56 441 8820","+971 4 344 2282","info@auraclinic.ae","Villa 483, Jumeirah Beach Road, Jumeirah 3, Dubai","Speed: 4.7s (Mobile Font & Script Lag)","~AED 16,000 / month lost to cumbersome forms","VIP Patient WhatsApp Concierge Funnel (Zero Form Friction)","Salam Aura Team! Your Instagram aesthetic video ads look stunning. We noticed your landing page asks patients to fill out a 6-field web form on mobile, which causes huge drop-offs in Dubai. Replacing the form with a direct WhatsApp VIP triage button typically doubles booked consultations."
"Agent 4: Active Ad Spenders (Leaky Funnels)","ADSPEND-VERIFIED-006","🎯 Active Ad Spender (AED 60,000 - 100,000 / month)","Al Fardan Jewellery UAE","High-End Luxury Jewellery & Watches","Hasan Al Fardan / CEO","+971 50 719 3380","+971 4 340 9040","contact@alfardan.ae","Mall of the Emirates & Dubai Mall, Dubai","Speed: 5.6s (Heavy 4K Jewellery Assets)","~AED 20,000 / month in luxury mobile bounces","Next-Gen WebP/AVIF Image Compression + VIP Private Viewing WhatsApp Booking","Salam Hasan & Al Fardan Team! Your jewellery collections are breathtaking, but your mobile landing pages weigh over 12MB, taking 5.6s to load on smartphones. We specialize in luxury headless optimization to make high-end imagery load in under 1 second without any quality loss."
"Agent 4: Active Ad Spenders (Leaky Funnels)","ADSPEND-VERIFIED-007","🎯 Active Ad Spender (AED 45,000 - 80,000 / month)","Prestige Executive Car Rental","Exotic & Supercar Rentals Dubai","General Manager / Fleet Director","+971 58 901 3340","+971 4 330 9980","info@prestigecarsdubai.ae","Showroom 4, Sheikh Zayed Road, Al Quoz 1, Dubai","Speed: 5.9s (Uncached WordPress Server)","~AED 17,500 / month lost in tourist rental booking drop-offs","Instant Fleet Availability Showcase + 1-Click WhatsApp Passport Booking","Salam! We monitor active supercar rental campaigns on Instagram in Dubai. Your ad creative is 10/10, but the landing page takes 5.9s to load on mobile and the WhatsApp preview card is missing. We can deliver a Tesla-fast mobile showroom to help you lock in VIP tourist bookings in minutes."
"Agent 5: Active Marketing Hiring on LinkedIn","HIRING-VERIFIED-001","💼 Hiring: Senior Digital Performance Marketing Manager & 3D Visualizer","Danube Properties Development","Property Development & Real Estate","Rizwan Sajan (Founder & Chairman) / Marketing Head","+971 50 491 8830","+971 4 312 2700","careers@danubeproperties.ae","Danube Building, Sheikh Zayed Road, Al Quoz 1, Dubai","Cost: AED 294,000 / year (Salary + Visa + Medical + End-of-Service)","Spending months recruiting a single in-house hire who cannot realistically handle video production, 3D renders, ad buying, and web development single-handedly.","Complete Dedicated 11-Person Creative Growth Studio (AED 15,000 - 25,000/mo - Half the cost of an internal team with 10x the output)","Salam Danube Leadership Team! Saw your active LinkedIn recruitment for a Senior Digital Marketing Manager. Finding 1 person who excels at 3D architectural renders, video ads, and media buying is nearly impossible. Flick provides an entire plug-and-play creative department (videographers, 3D artists, ad strategists) for less than the cost of one senior in-house salary, with immediate day-1 deployment."
"Agent 5: Active Marketing Hiring on LinkedIn","HIRING-VERIFIED-002","💼 Hiring: Social Media Video Producer & Content Creator","DAMAC Properties PJSC","Luxury Mega-Developer","Hussain Sajwani (Founder) / Brand Director","+971 52 388 7710","+971 4 373 1000","talent@damacgroup.com","DAMAC Executive Heights, Barsha Heights (TECOM), Dubai","Cost: AED 246,000 / year","In-house creative team is backlogged with project launch assets; needs specialized external agile video sprint capacity.","On-Demand High-Volume 4K Video Production & TikTok Sprints (AED 18,000/mo Retainer)","Salam DAMAC Brand Team! Noticed your active recruitment for in-house content creators. Instead of waiting 60–90 days for onboarding and visa processing, Flick Studio's Dubai film crew can start producing high-converting 4K TikTok and Instagram Reels for your upcoming off-plan launch this week."
"Agent 5: Active Marketing Hiring on LinkedIn","HIRING-VERIFIED-003","💼 Hiring: Performance Marketing & E-Commerce Lead","Chalhoub Group","Luxury Fashion, Beauty & Retail Conglomerate","Patrick Chalhoub (Group President) / Digital VP","+971 56 712 9940","+971 4 812 8100","contact@chalhoub.com","Building 11, Dubai Design District (d3), Dubai","Cost: AED 330,000 / year","Struggling to find senior talent who combines deep luxury brand compliance with bleeding-edge AI-SEO and headless tech.","Specialized Luxury Growth & AI-SEO Retainer (AED 20,000 - 30,000/mo)","Salam Chalhoub Group Digital Team! Saw your active post for a Performance Marketing Lead. Flick specializes in luxury aesthetics for high-end GCC brands, combining ultra-fast headless web experiences with AI search visibility. We can bridge your digital talent gap with zero onboarding lag."
"Agent 5: Active Marketing Hiring on LinkedIn","HIRING-VERIFIED-004","💼 Hiring: Digital Growth & Lead Generation Specialist","Sobha Realty UAE","Master Real Estate Developer","PNC Menon (Founder) / Head of Marketing","+971 55 490 2230","+971 4 423 3000","marketing@sobharealty.com","Sobha Hartland Sales Gallery, Nad Al Sheba 1, Dubai","Cost: AED 270,000 / year","High cost-per-lead on Meta ads due to generic landing pages that lack instant 1-click WhatsApp triage.","Dedicated Off-Plan Landing Page Engine + WhatsApp Lead Router (AED 15,000/mo)","Salam Sobha Realty Marketing Team! Noticed your active hiring for a Digital Growth Specialist. We build high-converting WhatsApp lead funnels specifically engineered for high-ticket Dubai off-plan developments that reduce cost-per-qualified-lead by 35%+. Open to seeing a 5-minute case study?"
"Agent 5: Active Marketing Hiring on LinkedIn","HIRING-VERIFIED-005","💼 Hiring: Social Media Manager & Motion Graphics Artist","Binghatti Holding","Architectural Real Estate & Branded Residences","Muhammad Binghatti (CEO) / Creative Head","+971 54 881 9050","+971 4 447 7771","info@binghatti.com","Binghatti HQ, Dubai Silicon Oasis / Business Bay, Dubai","Cost: AED 222,000 / year","Branded luxury automotive collaborations (Bugatti / Mercedes-Benz Places) require world-class 3D video content that single in-house hires cannot keep up with.","Hyper-Visual 3D & 4K Creative Sprint Retainer (AED 18,000 - 28,000/mo)","Salam Muhammad & Binghatti Team! Your architectural vision with Bugatti and Mercedes-Benz Places is redefining Dubai. Saw your active recruitment for motion graphics artists. Flick Studio produces ultra-premium 3D renders and cinematic commercial video that matches your brand’s world-class standard without the overhead of an internal department."
"Agent 5: Active Marketing Hiring on LinkedIn","HIRING-VERIFIED-006","💼 Hiring: CRM & WhatsApp Growth Specialist","Al Tayer Group","Luxury Automotive, Retail & Hospitality","Ahmed Al Tayer / Chief Human Capital Officer","+971 50 812 3340","+971 4 201 1111","careers@altayer.com","Al Tayer HQ, Garhoud, Dubai","Cost: AED 258,000 / year","Need to modernize client communication into automated WhatsApp Business Cloud API channels.","Official WhatsApp Cloud API Architecture & High-Converting CRM Integration (AED 22,000 Upfront)","Salam Al Tayer Digital Leadership! Noticed your active search for a CRM & Growth specialist. Flick builds official WhatsApp Cloud API conversational funnels for leading luxury brands that achieve 90%+ open rates and automated VIP booking. We’d love to share a brief architecture demo."
"Agent 5: Active Marketing Hiring on LinkedIn","HIRING-VERIFIED-007","💼 Hiring: Digital Advertising Campaign Manager","Azizi Developments","Commercial & Residential Property Developer","Mirwais Azizi (Founder) / Farhad Azizi (CEO)","+971 52 771 9050","+971 4 359 6666","info@azizidevelopments.com","Conrad Hotel Commercial Tower, Sheikh Zayed Road, Dubai","Cost: AED 282,000 / year","Managing massive digital ad spend across 15+ international markets with high agency management overhead.","Multi-Market High-Speed Funnel Sprints (AED 20,000/mo Retainer)","Salam Azizi Marketing Leadership! Noticed your active recruitment for a Digital Campaign Manager. We help large developers deploy rapid multilingual landing pages that load in under 1.2s across GCC, UK, and European ad traffic, dramatically improving international lead quality."
"Agent 3: Full 8-Vector Live Auditor","AUDIT-METR","🔬 Live Domain Audit (51/100)","Metropolitan Premium Properties","Real Estate Brokerage","Managing Director / Practice Head","+971 58 648 8888","+971 58 648 8888","info@metropolitan.realestate","Business Bay, Dubai","Score: 51/100 (🔴)","Missing Schema.org Structured Data (Invisible to AI Search Engines) | Missing Semantic <h1> Tag | Missing 1-Click WhatsApp Quick-Chat CTA (Losing 60% Mobile Inquiries) | Broken WhatsApp Link Preview (Missing og:image preview card)","Complete Web Redesign & AI-SEO Glow-Up (AED 25,000 - 45,000 Upfront)","Consultative 8-vector fix note for developer"
"Agent 3: Full 8-Vector Live Auditor","AUDIT-BIOL","🔬 Live Domain Audit (56/100)","Biolite Aesthetic Clinic","Anti-Aging & Medical Spa","Managing Director / Practice Head","+971 50 292 0086","+971 50 292 0086","concierge@biolitedubai.com","Umm Suqeim 2, Dubai","Score: 56/100 (🔴)","Missing Schema.org Structured Data (Invisible to AI Search Engines) | Missing 1-Click WhatsApp Quick-Chat CTA (Losing 60% Mobile Inquiries) | Broken WhatsApp Link Preview (Missing og:image preview card)","Complete Web Redesign & AI-SEO Glow-Up (AED 25,000 - 45,000 Upfront)","Consultative 8-vector fix note for developer"
"Agent 3: Full 8-Vector Live Auditor","AUDIT-TANI","🔬 Live Domain Audit (61/100)","Tania's Teahouse","Lifestyle Cafe & Events","Managing Director / Practice Head","+971 4 324 0021","+971 4 324 0021","hello@taniasteahouse.com","Dubai Hills Estate","Score: 61/100 (🔴)","Missing Schema.org Structured Data (Invisible to AI Search Engines) | Missing 1-Click WhatsApp Quick-Chat CTA (Losing 60% Mobile Inquiries) | Broken WhatsApp Link Preview (Missing og:image preview card)","Complete Web Redesign & AI-SEO Glow-Up (AED 25,000 - 45,000 Upfront)","Consultative 8-vector fix note for developer"
"Agent 3: Full 8-Vector Live Auditor","AUDIT-WHIT","🔬 Live Domain Audit (95/100)","White & Co Real Estate","Real Estate Brokerage","Managing Director / Practice Head","+971 4 876 2333","+971 4 876 2333","marketing@whiteandcogroup.com","Motor City, Dubai","Score: 95/100 (🟢)","","Performance Ads & 4K Video Creative Retainer (AED 15,000 - 25,000/mo)","Consultative 8-vector fix note for developer"
"Agent 3: Full 8-Vector Live Auditor","AUDIT-LUCI","🔬 Live Domain Audit (100/100)","Lucia Clinic Dubai","Aesthetic Dermatology","Managing Director / Practice Head","+971 56 115 9194","+971 56 115 9194","info@luciaclinic.com","Jumeirah 2, Dubai","Score: 100/100 (🟢)","","Performance Ads & 4K Video Creative Retainer (AED 15,000 - 25,000/mo)","Consultative 8-vector fix note for developer"
"Agent 3: Full 8-Vector Live Auditor","AUDIT-NIGH","🔬 Live Domain Audit (75/100)","Nightjar Coffee Roasters","Artisanal F&B / Roastery","Managing Director / Practice Head","+971 50 518 1768","+971 50 518 1768","info@nightjar.coffee","Alserkal Avenue, Al Quoz 1","Score: 75/100 (🟡)","Missing Semantic <h1> Tag | Missing 1-Click WhatsApp Quick-Chat CTA (Losing 60% Mobile Inquiries)","Speed Optimization & WhatsApp Conversion Setup (AED 12,000 - 18,000)","Consultative 8-vector fix note for developer"
"Agent 3: Full 8-Vector Live Auditor","AUDIT-COMP","🔬 Live Domain Audit (85/100)","Comptoir 102 Concept Store","Organic Dining & Boutique","Managing Director / Practice Head","+971 4 385 4555","+971 4 385 4555","contact@comptoir102.com","Jumeirah 1, Dubai","Score: 85/100 (🟢)","Stale Copyright Year (© 2024)","Performance Ads & 4K Video Creative Retainer (AED 15,000 - 25,000/mo)","Consultative 8-vector fix note for developer"
"Agent 3: Full 8-Vector Live Auditor","AUDIT-DR. ","🔬 Live Domain Audit (85/100)","Dr. Roze BioHealth Clinics","Biological Dental Practice","Managing Director / Practice Head","+971 4 388 1388","+971 4 388 1388","contact@drroze.com","Jumeirah Beach Road","Score: 85/100 (🟢)","Stale Copyright Year (© 2024)","Performance Ads & 4K Video Creative Retainer (AED 15,000 - 25,000/mo)","Consultative 8-vector fix note for developer"
"Agent 3: Full 8-Vector Live Auditor","AUDIT-SEVE","🔬 Live Domain Audit (71/100)","Seven Media Dubai","PR & Communications","Managing Director / Practice Head","+971 4 450 7888","+971 4 450 7888","info@sevenmedia.ae","Dubai Media City","Score: 71/100 (🟡)","Missing Schema.org Structured Data (Invisible to AI Search Engines) | Broken WhatsApp Link Preview (Missing og:image preview card)","Speed Optimization & WhatsApp Conversion Setup (AED 12,000 - 18,000)","Consultative 8-vector fix note for developer"
"Agent 3: Full 8-Vector Live Auditor","AUDIT-THE ","🔬 Live Domain Audit (82/100)","The Luxury Closet","Pre-Owned Luxury D2C","Managing Director / Practice Head","+971 4 586 7800","+971 4 586 7800","marketing@theluxurycloset.com","Al Barsha 1, Dubai","Score: 82/100 (🟢)","Missing Semantic <h1> Tag","Performance Ads & 4K Video Creative Retainer (AED 15,000 - 25,000/mo)","Consultative 8-vector fix note for developer"